task_id,task_score,rank,sample,quality_score,top3_mean,global_mean,num_pairs,top3_values,csv_path
327,9.0,248,sample_000017,0.98114429,0.99654681,0.95804052,20,0.99791366;0.99675781;0.99496895,/media/datasets/yumi/hjh/datasets/agibot_v2_uncleaned_dino/sample_000017_dinov2_base_adjacent_similarity.csv
327,9.0,255,sample_000082,0.98033674,0.98619648,0.97154712,20,0.99070495;0.98545086;0.98243362,/media/datasets/yumi/hjh/datasets/agibot_v2_uncleaned_dino/sample_000082_dinov2_base_adjacent_similarity.csv
327,9.0,259,sample_000096,0.98016272,0.98919020,0.96662149,20,0.99129456;0.98820484;0.98807120,/media/datasets/yumi/hjh/datasets/agibot_v2_uncleaned_dino/sample_000096_dinov2_base_adjacent_similarity.csv
327,9.0,265,sample_000099,0.97990742,0.98657129,0.96991161,20,0.98833591;0.98624825;0.98512971,/media/datasets/yumi/hjh/datasets/agibot_v2_uncleaned_dino/sample_000099_dinov2_base_adjacent_similarity.csv
327,9.0,272,sample_000095,0.97947799,0.98925459,0.96481308,20,0.99310189;0.98997319;0.98468870,/media/datasets/yumi/hjh/datasets/agibot_v2_uncleaned_dino/sample_000095_dinov2_base_adjacent_similarity.csv
327,9.0,284,sample_000112,0.97830983,0.98757074,0.96441846,20,0.98933208;0.98762316;0.98575699,/media/datasets/yumi/hjh/datasets/agibot_v2_uncleaned_dino/sample_000112_dinov2_base_adjacent_similarity.csv
327,9.0,285,sample_000019,0.97825721,0.99545846,0.95245532,20,0.99615061;0.99602181;0.99420297,/media/datasets/yumi/hjh/datasets/agibot_v2_uncleaned_dino/sample_000019_dinov2_base_adjacent_similarity.csv
327,9.0,288,sample_000012,0.97819013,0.99478940,0.95329121,20,0.99619013;0.99432999;0.99384809,/media/datasets/yumi/hjh/datasets/agibot_v2_uncleaned_dino/sample_000012_dinov2_base_adjacent_similarity.csv
327,9.0,294,sample_000043,0.97775718,0.99564340,0.95092785,20,0.99591434;0.99590546;0.99511039,/media/datasets/yumi/hjh/datasets/agibot_v2_uncleaned_dino/sample_000043_dinov2_base_adjacent_similarity.csv
327,9.0,296,sample_000013,0.97771317,0.99463459,0.95233104,20,0.99695385;0.99547637;0.99147356,/media/datasets/yumi/hjh/datasets/agibot_v2_uncleaned_dino/sample_000013_dinov2_base_adjacent_similarity.csv
327,9.0,302,sample_000106,0.97743436,0.98682253,0.96335212,20,0.99048090;0.98584020;0.98414648,/media/datasets/yumi/hjh/datasets/agibot_v2_uncleaned_dino/sample_000106_dinov2_base_adjacent_similarity.csv
327,9.0,305,sample_000016,0.97710451,0.99485268,0.95048224,20,0.99648374;0.99540210;0.99267220,/media/datasets/yumi/hjh/datasets/agibot_v2_uncleaned_dino/sample_000016_dinov2_base_adjacent_similarity.csv
327,9.0,312,sample_000097,0.97686832,0.98513895,0.96446238,20,0.99035758;0.98491621;0.98014307,/media/datasets/yumi/hjh/datasets/agibot_v2_uncleaned_dino/sample_000097_dinov2_base_adjacent_similarity.csv
327,9.0,313,sample_000011,0.97683856,0.99504721,0.94952558,20,0.99646991;0.99524891;0.99342281,/media/datasets/yumi/hjh/datasets/agibot_v2_uncleaned_dino/sample_000011_dinov2_base_adjacent_similarity.csv
327,9.0,317,sample_000086,0.97668075,0.98477012,0.96454670,20,0.98803455;0.98568225;0.98059356,/media/datasets/yumi/hjh/datasets/agibot_v2_uncleaned_dino/sample_000086_dinov2_base_adjacent_similarity.csv
327,9.0,334,sample_000091,0.97609177,0.98699049,0.95974369,20,0.98850691;0.98644710;0.98601747,/media/datasets/yumi/hjh/datasets/agibot_v2_uncleaned_dino/sample_000091_dinov2_base_adjacent_similarity.csv
327,9.0,345,sample_000058,0.97580458,0.98357628,0.96414705,20,0.98502594;0.98475182;0.98095107,/media/datasets/yumi/hjh/datasets/agibot_v2_uncleaned_dino/sample_000058_dinov2_base_adjacent_similarity.csv
327,9.0,347,sample_000083,0.97574133,0.98091406,0.96798225,20,0.98174185;0.98121560;0.97978473,/media/datasets/yumi/hjh/datasets/agibot_v2_uncleaned_dino/sample_000083_dinov2_base_adjacent_similarity.csv
327,9.0,356,sample_000085,0.97524602,0.98654151,0.95830278,20,0.99100006;0.98676074;0.98186374,/media/datasets/yumi/hjh/datasets/agibot_v2_uncleaned_dino/sample_000085_dinov2_base_adjacent_similarity.csv
327,9.0,362,sample_000066,0.97492859,0.99273153,0.94822418,20,0.99477875;0.99373627;0.98967957,/media/datasets/yumi/hjh/datasets/agibot_v2_uncleaned_dino/sample_000066_dinov2_base_adjacent_similarity.csv
327,9.0,366,sample_000014,0.97482443,0.99517611,0.94429692,20,0.99603462;0.99489301;0.99460071,/media/datasets/yumi/hjh/datasets/agibot_v2_uncleaned_dino/sample_000014_dinov2_base_adjacent_similarity.csv
327,9.0,370,sample_000175,0.97470772,0.98434094,0.96025790,20,0.99285370;0.98138791;0.97878122,/media/datasets/yumi/hjh/datasets/agibot_v2_uncleaned_dino/sample_000175_dinov2_base_adjacent_similarity.csv
327,9.0,371,sample_000187,0.97469349,0.98643673,0.95707863,20,0.98741788;0.98712915;0.98476315,/media/datasets/yumi/hjh/datasets/agibot_v2_uncleaned_dino/sample_000187_dinov2_base_adjacent_similarity.csv
327,9.0,374,sample_000098,0.97457941,0.98121550,0.96462529,20,0.98376608;0.98066914;0.97921127,/media/datasets/yumi/hjh/datasets/agibot_v2_uncleaned_dino/sample_000098_dinov2_base_adjacent_similarity.csv
327,9.0,385,sample_000028,0.97427604,0.99308014,0.94606990,20,0.99380285;0.99372250;0.99171507,/media/datasets/yumi/hjh/datasets/agibot_v2_uncleaned_dino/sample_000028_dinov2_base_adjacent_similarity.csv
327,9.0,390,sample_000105,0.97417684,0.98243799,0.96178513,20,0.98656172;0.98225749;0.97849476,/media/datasets/yumi/hjh/datasets/agibot_v2_uncleaned_dino/sample_000105_dinov2_base_adjacent_similarity.csv
327,9.0,391,sample_000088,0.97415460,0.98345158,0.96020913,20,0.99017054;0.98222458;0.97795963,/media/datasets/yumi/hjh/datasets/agibot_v2_uncleaned_dino/sample_000088_dinov2_base_adjacent_similarity.csv
327,9.0,394,sample_000001,0.97403909,0.99008846,0.94996503,20,0.99175727;0.99119574;0.98731238,/media/datasets/yumi/hjh/datasets/agibot_v2_uncleaned_dino/sample_000001_dinov2_base_adjacent_similarity.csv
327,9.0,398,sample_000081,0.97394921,0.98386695,0.95907260,20,0.98634797;0.98378325;0.98146963,/media/datasets/yumi/hjh/datasets/agibot_v2_uncleaned_dino/sample_000081_dinov2_base_adjacent_similarity.csv
327,9.0,403,sample_000174,0.97382402,0.98682056,0.95432920,20,0.99436903;0.98319906;0.98289359,/media/datasets/yumi/hjh/datasets/agibot_v2_uncleaned_dino/sample_000174_dinov2_base_adjacent_similarity.csv
327,9.0,409,sample_000062,0.97373330,0.98651751,0.95455699,20,0.99423540;0.98713440;0.97818273,/media/datasets/yumi/hjh/datasets/agibot_v2_uncleaned_dino/sample_000062_dinov2_base_adjacent_similarity.csv
327,9.0,411,sample_000094,0.97361802,0.98178490,0.96136769,20,0.98526824;0.98113251;0.97895396,/media/datasets/yumi/hjh/datasets/agibot_v2_uncleaned_dino/sample_000094_dinov2_base_adjacent_similarity.csv
327,9.0,422,sample_000093,0.97324164,0.98136979,0.96104941,20,0.98266071;0.98134923;0.98009944,/media/datasets/yumi/hjh/datasets/agibot_v2_uncleaned_dino/sample_000093_dinov2_base_adjacent_similarity.csv
327,9.0,425,sample_000015,0.97315611,0.99581498,0.93916780,20,0.99657601;0.99580467;0.99506426,/media/datasets/yumi/hjh/datasets/agibot_v2_uncleaned_dino/sample_000015_dinov2_base_adjacent_similarity.csv
327,9.0,427,sample_000080,0.97310369,0.98265040,0.95878364,20,0.98775440;0.98296773;0.97722906,/media/datasets/yumi/hjh/datasets/agibot_v2_uncleaned_dino/sample_000080_dinov2_base_adjacent_similarity.csv
327,9.0,431,sample_000087,0.97301144,0.98063205,0.96158052,20,0.98322809;0.98264980;0.97601825,/media/datasets/yumi/hjh/datasets/agibot_v2_uncleaned_dino/sample_000087_dinov2_base_adjacent_similarity.csv
327,9.0,444,sample_000184,0.97260967,0.98609829,0.95237675,20,0.98798537;0.98599428;0.98431522,/media/datasets/yumi/hjh/datasets/agibot_v2_uncleaned_dino/sample_000184_dinov2_base_adjacent_similarity.csv
327,9.0,445,sample_000018,0.97258199,0.99393624,0.94055061,20,0.99704111;0.99590391;0.98886371,/media/datasets/yumi/hjh/datasets/agibot_v2_uncleaned_dino/sample_000018_dinov2_base_adjacent_similarity.csv
327,9.0,450,sample_000092,0.97245827,0.98200893,0.95813228,20,0.98642218;0.98308074;0.97652388,/media/datasets/yumi/hjh/datasets/agibot_v2_uncleaned_dino/sample_000092_dinov2_base_adjacent_similarity.csv
327,9.0,455,sample_000164,0.97230292,0.98749610,0.94951317,20,0.99287474;0.98679197;0.98282158,/media/datasets/yumi/hjh/datasets/agibot_v2_uncleaned_dino/sample_000164_dinov2_base_adjacent_similarity.csv
327,9.0,460,sample_000027,0.97226420,0.99356667,0.94031049,20,0.99485075;0.99358827;0.99226099,/media/datasets/yumi/hjh/datasets/agibot_v2_uncleaned_dino/sample_000027_dinov2_base_adjacent_similarity.csv
327,9.0,463,sample_000020,0.97219460,0.99458662,0.93860657,20,0.99743336;0.99569231;0.99063420,/media/datasets/yumi/hjh/datasets/agibot_v2_uncleaned_dino/sample_000020_dinov2_base_adjacent_similarity.csv
327,9.0,466,sample_000029,0.97213923,0.99515311,0.93761843,20,0.99670219;0.99575734;0.99299979,/media/datasets/yumi/hjh/datasets/agibot_v2_uncleaned_dino/sample_000029_dinov2_base_adjacent_similarity.csv
327,9.0,470,sample_000039,0.97204198,0.99543444,0.93695330,20,0.99612534;0.99509561;0.99508238,/media/datasets/yumi/hjh/datasets/agibot_v2_uncleaned_dino/sample_000039_dinov2_base_adjacent_similarity.csv
327,9.0,471,sample_000089,0.97203607,0.98161272,0.95767109,20,0.98475528;0.98046124;0.97962165,/media/datasets/yumi/hjh/datasets/agibot_v2_uncleaned_dino/sample_000089_dinov2_base_adjacent_similarity.csv
327,9.0,472,sample_000064,0.97202555,0.98074077,0.95895274,20,0.98150003;0.98088145;0.97984082,/media/datasets/yumi/hjh/datasets/agibot_v2_uncleaned_dino/sample_000064_dinov2_base_adjacent_similarity.csv
327,9.0,475,sample_000100,0.97198448,0.98077323,0.95880136,20,0.98305130;0.97985023;0.97941816,/media/datasets/yumi/hjh/datasets/agibot_v2_uncleaned_dino/sample_000100_dinov2_base_adjacent_similarity.csv
327,9.0,479,sample_000110,0.97180422,0.97780601,0.96280154,20,0.98118234;0.97724259;0.97499311,/media/datasets/yumi/hjh/datasets/agibot_v2_uncleaned_dino/sample_000110_dinov2_base_adjacent_similarity.csv
327,9.0,482,sample_000104,0.97175642,0.98061629,0.95846660,20,0.98487484;0.98245859;0.97451544,/media/datasets/yumi/hjh/datasets/agibot_v2_uncleaned_dino/sample_000104_dinov2_base_adjacent_similarity.csv
327,9.0,484,sample_000108,0.97173455,0.98083615,0.95808214,20,0.98652929;0.97823322;0.97774595,/media/datasets/yumi/hjh/datasets/agibot_v2_uncleaned_dino/sample_000108_dinov2_base_adjacent_similarity.csv
327,9.0,488,sample_000185,0.97166986,0.98703774,0.94861804,20,0.99154586;0.98601633;0.98355103,/media/datasets/yumi/hjh/datasets/agibot_v2_uncleaned_dino/sample_000185_dinov2_base_adjacent_similarity.csv
327,9.0,494,sample_000173,0.97155970,0.98110575,0.95724063,20,0.99026901;0.97728217;0.97576606,/media/datasets/yumi/hjh/datasets/agibot_v2_uncleaned_dino/sample_000173_dinov2_base_adjacent_similarity.csv
327,9.0,496,sample_000079,0.97150577,0.98389540,0.95292133,20,0.98796254;0.98361325;0.98011041,/media/datasets/yumi/hjh/datasets/agibot_v2_uncleaned_dino/sample_000079_dinov2_base_adjacent_similarity.csv
327,9.0,498,sample_000103,0.97148093,0.98097455,0.95724048,20,0.98176157;0.98136902;0.97979307,/media/datasets/yumi/hjh/datasets/agibot_v2_uncleaned_dino/sample_000103_dinov2_base_adjacent_similarity.csv
327,9.0,499,sample_000109,0.97147435,0.97928333,0.95976087,20,0.98338890;0.97983181;0.97462928,/media/datasets/yumi/hjh/datasets/agibot_v2_uncleaned_dino/sample_000109_dinov2_base_adjacent_similarity.csv
327,9.0,502,sample_000186,0.97145776,0.98787683,0.94682916,20,0.99053007;0.98718321;0.98591721,/media/datasets/yumi/hjh/datasets/agibot_v2_uncleaned_dino/sample_000186_dinov2_base_adjacent_similarity.csv
327,9.0,508,sample_000101,0.97139485,0.97941486,0.95936482,20,0.98435915;0.97696471;0.97692072,/media/datasets/yumi/hjh/datasets/agibot_v2_uncleaned_dino/sample_000101_dinov2_base_adjacent_similarity.csv
327,9.0,516,sample_000025,0.97123719,0.99434151,0.93658070,20,0.99756396;0.99301547;0.99244511,/media/datasets/yumi/hjh/datasets/agibot_v2_uncleaned_dino/sample_000025_dinov2_base_adjacent_similarity.csv
327,9.0,533,sample_000060,0.97094934,0.98011412,0.95720217,20,0.98155832;0.98080802;0.97797602,/media/datasets/yumi/hjh/datasets/agibot_v2_uncleaned_dino/sample_000060_dinov2_base_adjacent_similarity.csv
327,9.0,540,sample_000007,0.97082260,0.99018242,0.94178287,20,0.99287862;0.99017096;0.98749769,/media/datasets/yumi/hjh/datasets/agibot_v2_uncleaned_dino/sample_000007_dinov2_base_adjacent_similarity.csv
327,9.0,554,sample_000059,0.97054052,0.97917058,0.95759543,20,0.98117316;0.98041546;0.97592312,/media/datasets/yumi/hjh/datasets/agibot_v2_uncleaned_dino/sample_000059_dinov2_base_adjacent_similarity.csv
327,9.0,558,sample_000165,0.97049289,0.98282707,0.95199162,20,0.99165672;0.97844750;0.97837698,/media/datasets/yumi/hjh/datasets/agibot_v2_uncleaned_dino/sample_000165_dinov2_base_adjacent_similarity.csv
327,9.0,565,sample_000176,0.97031113,0.98234820,0.95225552,20,0.99141341;0.97833300;0.97729820,/media/datasets/yumi/hjh/datasets/agibot_v2_uncleaned_dino/sample_000176_dinov2_base_adjacent_similarity.csv
327,9.0,586,sample_000084,0.96997887,0.98285468,0.95066515,20,0.99072337;0.98105866;0.97678202,/media/datasets/yumi/hjh/datasets/agibot_v2_uncleaned_dino/sample_000084_dinov2_base_adjacent_similarity.csv
327,9.0,591,sample_000006,0.96990897,0.99267187,0.93576463,20,0.99517113;0.99175358;0.99109089,/media/datasets/yumi/hjh/datasets/agibot_v2_uncleaned_dino/sample_000006_dinov2_base_adjacent_similarity.csv
327,9.0,594,sample_000111,0.96986012,0.97940188,0.95554749,20,0.98396575;0.97860473;0.97563517,/media/datasets/yumi/hjh/datasets/agibot_v2_uncleaned_dino/sample_000111_dinov2_base_adjacent_similarity.csv
327,9.0,603,sample_000042,0.96965818,0.99488719,0.93181467,20,0.99656761;0.99560928;0.99248469,/media/datasets/yumi/hjh/datasets/agibot_v2_uncleaned_dino/sample_000042_dinov2_base_adjacent_similarity.csv
327,9.0,617,sample_000046,0.96946024,0.99513530,0.93094765,20,0.99539959;0.99524903;0.99475729,/media/datasets/yumi/hjh/datasets/agibot_v2_uncleaned_dino/sample_000046_dinov2_base_adjacent_similarity.csv
327,9.0,619,sample_000107,0.96944011,0.97781807,0.95687317,20,0.97894490;0.97808164;0.97642767,/media/datasets/yumi/hjh/datasets/agibot_v2_uncleaned_dino/sample_000107_dinov2_base_adjacent_similarity.csv
327,9.0,623,sample_000178,0.96940174,0.98050535,0.95274632,20,0.98167968;0.98066115;0.97917521,/media/datasets/yumi/hjh/datasets/agibot_v2_uncleaned_dino/sample_000178_dinov2_base_adjacent_similarity.csv
327,9.0,625,sample_000102,0.96936390,0.97994735,0.95348873,20,0.98530465;0.97831059;0.97622681,/media/datasets/yumi/hjh/datasets/agibot_v2_uncleaned_dino/sample_000102_dinov2_base_adjacent_similarity.csv
327,9.0,628,sample_000172,0.96931204,0.98272109,0.94919848,20,0.99142408;0.98218971;0.97454947,/media/datasets/yumi/hjh/datasets/agibot_v2_uncleaned_dino/sample_000172_dinov2_base_adjacent_similarity.csv
327,9.0,630,sample_000022,0.96928357,0.99174909,0.93558529,20,0.99241126;0.99206561;0.99077040,/media/datasets/yumi/hjh/datasets/agibot_v2_uncleaned_dino/sample_000022_dinov2_base_adjacent_similarity.csv
327,9.0,635,sample_000065,0.96922502,0.98096160,0.95162015,20,0.98874098;0.98102701;0.97311682,/media/datasets/yumi/hjh/datasets/agibot_v2_uncleaned_dino/sample_000065_dinov2_base_adjacent_similarity.csv
327,9.0,658,sample_000068,0.96892196,0.97848757,0.95457355,20,0.97995448;0.97821653;0.97729170,/media/datasets/yumi/hjh/datasets/agibot_v2_uncleaned_dino/sample_000068_dinov2_base_adjacent_similarity.csv
327,9.0,670,sample_000169,0.96879327,0.98255750,0.94814693,20,0.99056596;0.98055470;0.97655183,/media/datasets/yumi/hjh/datasets/agibot_v2_uncleaned_dino/sample_000169_dinov2_base_adjacent_similarity.csv
327,9.0,673,sample_000035,0.96876767,0.99286330,0.93262423,20,0.99565518;0.99472094;0.98821378,/media/datasets/yumi/hjh/datasets/agibot_v2_uncleaned_dino/sample_000035_dinov2_base_adjacent_similarity.csv
327,9.0,674,sample_000003,0.96873179,0.98634418,0.94231320,20,0.98757935;0.98605382;0.98539937,/media/datasets/yumi/hjh/datasets/agibot_v2_uncleaned_dino/sample_000003_dinov2_base_adjacent_similarity.csv
327,9.0,675,sample_000063,0.96873007,0.98016781,0.95157346,20,0.98895890;0.97866261;0.97288191,/media/datasets/yumi/hjh/datasets/agibot_v2_uncleaned_dino/sample_000063_dinov2_base_adjacent_similarity.csv
327,9.0,684,sample_000002,0.96860777,0.99260648,0.93260970,20,0.99448407;0.99352103;0.98981434,/media/datasets/yumi/hjh/datasets/agibot_v2_uncleaned_dino/sample_000002_dinov2_base_adjacent_similarity.csv
327,9.0,688,sample_000162,0.96855739,0.98738283,0.94031925,20,0.99151647;0.98685449;0.98377752,/media/datasets/yumi/hjh/datasets/agibot_v2_uncleaned_dino/sample_000162_dinov2_base_adjacent_similarity.csv
327,9.0,691,sample_000177,0.96848767,0.98249604,0.94747510,20,0.98405969;0.98246801;0.98096043,/media/datasets/yumi/hjh/datasets/agibot_v2_uncleaned_dino/sample_000177_dinov2_base_adjacent_similarity.csv
327,9.0,707,sample_000122,0.96831089,0.98153665,0.94847227,20,0.98992485;0.97778106;0.97690403,/media/datasets/yumi/hjh/datasets/agibot_v2_uncleaned_dino/sample_000122_dinov2_base_adjacent_similarity.csv
327,9.0,715,sample_000168,0.96818456,0.98095957,0.94902205,20,0.98714375;0.97801089;0.97772408,/media/datasets/yumi/hjh/datasets/agibot_v2_uncleaned_dino/sample_000168_dinov2_base_adjacent_similarity.csv
327,9.0,739,sample_000161,0.96782999,0.98086643,0.94827533,20,0.99013406;0.98148924;0.97097600,/media/datasets/yumi/hjh/datasets/agibot_v2_uncleaned_dino/sample_000161_dinov2_base_adjacent_similarity.csv
327,9.0,755,sample_000170,0.96751930,0.98368392,0.94327236,20,0.98975646;0.98504496;0.97625035,/media/datasets/yumi/hjh/datasets/agibot_v2_uncleaned_dino/sample_000170_dinov2_base_adjacent_similarity.csv
327,9.0,757,sample_000031,0.96750516,0.99433249,0.92726415,20,0.99518788;0.99466038;0.99314922,/media/datasets/yumi/hjh/datasets/agibot_v2_uncleaned_dino/sample_000031_dinov2_base_adjacent_similarity.csv
327,9.0,758,sample_000160,0.96749461,0.98260226,0.94483313,20,0.98660940;0.98300588;0.97819149,/media/datasets/yumi/hjh/datasets/agibot_v2_uncleaned_dino/sample_000160_dinov2_base_adjacent_similarity.csv
327,9.0,776,sample_000146,0.96733996,0.98329129,0.94341296,20,0.98565048;0.98399723;0.98022616,/media/datasets/yumi/hjh/datasets/agibot_v2_uncleaned_dino/sample_000146_dinov2_base_adjacent_similarity.csv
327,9.0,793,sample_000072,0.96715524,0.98033496,0.94738565,20,0.98208535;0.97994256;0.97897696,/media/datasets/yumi/hjh/datasets/agibot_v2_uncleaned_dino/sample_000072_dinov2_base_adjacent_similarity.csv
327,9.0,809,sample_000179,0.96699944,0.98368283,0.94197434,20,0.98759711;0.98482156;0.97862983,/media/datasets/yumi/hjh/datasets/agibot_v2_uncleaned_dino/sample_000179_dinov2_base_adjacent_similarity.csv
327,9.0,814,sample_000150,0.96697370,0.98560508,0.93902664,20,0.98743021;0.98574555;0.98363948,/media/datasets/yumi/hjh/datasets/agibot_v2_uncleaned_dino/sample_000150_dinov2_base_adjacent_similarity.csv
327,9.0,819,sample_000005,0.96690612,0.98864921,0.93429148,20,0.99066961;0.98874474;0.98653328,/media/datasets/yumi/hjh/datasets/agibot_v2_uncleaned_dino/sample_000005_dinov2_base_adjacent_similarity.csv
327,9.0,829,sample_000180,0.96682230,0.98218586,0.94377697,20,0.98286545;0.98270434;0.98098779,/media/datasets/yumi/hjh/datasets/agibot_v2_uncleaned_dino/sample_000180_dinov2_base_adjacent_similarity.csv
327,9.0,861,sample_000024,0.96648016,0.99380173,0.92549780,20,0.99558961;0.99469423;0.99112135,/media/datasets/yumi/hjh/datasets/agibot_v2_uncleaned_dino/sample_000024_dinov2_base_adjacent_similarity.csv
327,9.0,878,sample_000021,0.96635607,0.99282253,0.92665637,20,0.99695694;0.99220002;0.98931062,/media/datasets/yumi/hjh/datasets/agibot_v2_uncleaned_dino/sample_000021_dinov2_base_adjacent_similarity.csv
327,9.0,897,sample_000070,0.96615029,0.97541191,0.95225787,20,0.98384923;0.97195125;0.97043526,/media/datasets/yumi/hjh/datasets/agibot_v2_uncleaned_dino/sample_000070_dinov2_base_adjacent_similarity.csv
327,9.0,908,sample_000181,0.96599796,0.97930030,0.94604446,20,0.98838335;0.97980869;0.96970886,/media/datasets/yumi/hjh/datasets/agibot_v2_uncleaned_dino/sample_000181_dinov2_base_adjacent_similarity.csv
327,9.0,910,sample_000061,0.96596833,0.97294315,0.95550610,20,0.97424114;0.97281861;0.97176969,/media/datasets/yumi/hjh/datasets/agibot_v2_uncleaned_dino/sample_000061_dinov2_base_adjacent_similarity.csv
327,9.0,926,sample_000069,0.96578073,0.97385589,0.95366799,20,0.97467947;0.97423053;0.97265768,/media/datasets/yumi/hjh/datasets/agibot_v2_uncleaned_dino/sample_000069_dinov2_base_adjacent_similarity.csv
327,9.0,943,sample_000044,0.96559182,0.99430619,0.92252027,20,0.99491644;0.99402100;0.99398112,/media/datasets/yumi/hjh/datasets/agibot_v2_uncleaned_dino/sample_000044_dinov2_base_adjacent_similarity.csv
327,9.0,948,sample_000167,0.96554683,0.98205215,0.94078885,20,0.98991489;0.97840929;0.97783226,/media/datasets/yumi/hjh/datasets/agibot_v2_uncleaned_dino/sample_000167_dinov2_base_adjacent_similarity.csv
327,9.0,971,sample_000056,0.96523839,0.99595056,0.91917012,20,0.99693853;0.99580324;0.99510992,/media/datasets/yumi/hjh/datasets/agibot_v2_uncleaned_dino/sample_000056_dinov2_base_adjacent_similarity.csv
327,9.0,986,sample_000132,0.96509556,0.97346781,0.95253719,20,0.97478890;0.97334504;0.97226948,/media/datasets/yumi/hjh/datasets/agibot_v2_uncleaned_dino/sample_000132_dinov2_base_adjacent_similarity.csv
327,9.0,996,sample_000171,0.96499648,0.98283349,0.93824097,20,0.98969138;0.98131365;0.97749543,/media/datasets/yumi/hjh/datasets/agibot_v2_uncleaned_dino/sample_000171_dinov2_base_adjacent_similarity.csv
327,9.0,1000,sample_000023,0.96495088,0.99145343,0.92519705,20,0.99202657;0.99144441;0.99088931,/media/datasets/yumi/hjh/datasets/agibot_v2_uncleaned_dino/sample_000023_dinov2_base_adjacent_similarity.csv
327,9.0,1001,sample_000158,0.96494944,0.98214835,0.93915108,20,0.98659319;0.98170793;0.97814393,/media/datasets/yumi/hjh/datasets/agibot_v2_uncleaned_dino/sample_000158_dinov2_base_adjacent_similarity.csv
327,9.0,1004,sample_000090,0.96492900,0.97644156,0.94766015,20,0.98034322;0.97804207;0.97093940,/media/datasets/yumi/hjh/datasets/agibot_v2_uncleaned_dino/sample_000090_dinov2_base_adjacent_similarity.csv
327,9.0,1009,sample_000010,0.96488308,0.98859306,0.92931811,20,0.99002552;0.98831201;0.98744166,/media/datasets/yumi/hjh/datasets/agibot_v2_uncleaned_dino/sample_000010_dinov2_base_adjacent_similarity.csv
327,9.0,1029,sample_000149,0.96463087,0.98378672,0.93589709,20,0.99054086;0.98269117;0.97812814,/media/datasets/yumi/hjh/datasets/agibot_v2_uncleaned_dino/sample_000149_dinov2_base_adjacent_similarity.csv
327,9.0,1033,sample_000026,0.96461205,0.99567548,0.91801691,20,0.99606919;0.99600995;0.99494731,/media/datasets/yumi/hjh/datasets/agibot_v2_uncleaned_dino/sample_000026_dinov2_base_adjacent_similarity.csv
327,9.0,1078,sample_000127,0.96408374,0.97991681,0.94033412,20,0.98047447;0.98028725;0.97898871,/media/datasets/yumi/hjh/datasets/agibot_v2_uncleaned_dino/sample_000127_dinov2_base_adjacent_similarity.csv
327,9.0,1082,sample_000182,0.96405805,0.98170364,0.93758967,20,0.98883390;0.97937036;0.97690666,/media/datasets/yumi/hjh/datasets/agibot_v2_uncleaned_dino/sample_000182_dinov2_base_adjacent_similarity.csv
327,9.0,1086,sample_000163,0.96402340,0.97874983,0.94193376,20,0.98793560;0.97544760;0.97286630,/media/datasets/yumi/hjh/datasets/agibot_v2_uncleaned_dino/sample_000163_dinov2_base_adjacent_similarity.csv
327,9.0,1099,sample_000129,0.96389570,0.97853984,0.94192948,20,0.98051226;0.98027384;0.97483343,/media/datasets/yumi/hjh/datasets/agibot_v2_uncleaned_dino/sample_000129_dinov2_base_adjacent_similarity.csv
327,9.0,1112,sample_000030,0.96382103,0.99256015,0.92071235,20,0.99464184;0.99317914;0.98985946,/media/datasets/yumi/hjh/datasets/agibot_v2_uncleaned_dino/sample_000030_dinov2_base_adjacent_similarity.csv
327,9.0,1121,sample_000137,0.96376196,0.97976027,0.93976450,20,0.98302472;0.97854233;0.97771376,/media/datasets/yumi/hjh/datasets/agibot_v2_uncleaned_dino/sample_000137_dinov2_base_adjacent_similarity.csv
327,9.0,1137,sample_000183,0.96352616,0.97892845,0.94042273,20,0.98725474;0.97705472;0.97247589,/media/datasets/yumi/hjh/datasets/agibot_v2_uncleaned_dino/sample_000183_dinov2_base_adjacent_similarity.csv
327,9.0,1167,sample_000121,0.96322093,0.97689136,0.94271529,20,0.97908306;0.97770727;0.97388375,/media/datasets/yumi/hjh/datasets/agibot_v2_uncleaned_dino/sample_000121_dinov2_base_adjacent_similarity.csv
327,9.0,1172,sample_000119,0.96319648,0.98006298,0.93789673,20,0.98323143;0.98160559;0.97535193,/media/datasets/yumi/hjh/datasets/agibot_v2_uncleaned_dino/sample_000119_dinov2_base_adjacent_similarity.csv
327,9.0,1178,sample_000159,0.96310425,0.97514556,0.94504230,20,0.97576153;0.97505456;0.97462058,/media/datasets/yumi/hjh/datasets/agibot_v2_uncleaned_dino/sample_000159_dinov2_base_adjacent_similarity.csv
327,9.0,1209,sample_000166,0.96293731,0.97936012,0.93830308,20,0.98303497;0.98090988;0.97413552,/media/datasets/yumi/hjh/datasets/agibot_v2_uncleaned_dino/sample_000166_dinov2_base_adjacent_similarity.csv
327,9.0,1220,sample_000075,0.96284935,0.97378761,0.94644195,20,0.97754735;0.97579646;0.96801901,/media/datasets/yumi/hjh/datasets/agibot_v2_uncleaned_dino/sample_000075_dinov2_base_adjacent_similarity.csv
327,9.0,1229,sample_000153,0.96275224,0.98364200,0.93141759,20,0.98711061;0.98537129;0.97844410,/media/datasets/yumi/hjh/datasets/agibot_v2_uncleaned_dino/sample_000153_dinov2_base_adjacent_similarity.csv
327,9.0,1230,sample_000045,0.96273990,0.99476989,0.91469491,20,0.99557030;0.99548078;0.99325860,/media/datasets/yumi/hjh/datasets/agibot_v2_uncleaned_dino/sample_000045_dinov2_base_adjacent_similarity.csv
327,9.0,1232,sample_000136,0.96271539,0.97622476,0.94245133,20,0.97889531;0.97502470;0.97475427,/media/datasets/yumi/hjh/datasets/agibot_v2_uncleaned_dino/sample_000136_dinov2_base_adjacent_similarity.csv
327,9.0,1241,sample_000142,0.96261548,0.97642148,0.94190648,20,0.98329604;0.97392941;0.97203898,/media/datasets/yumi/hjh/datasets/agibot_v2_uncleaned_dino/sample_000142_dinov2_base_adjacent_similarity.csv
327,9.0,1243,sample_000145,0.96258756,0.98052059,0.93568801,20,0.98263234;0.98148501;0.97744441,/media/datasets/yumi/hjh/datasets/agibot_v2_uncleaned_dino/sample_000145_dinov2_base_adjacent_similarity.csv
327,9.0,1254,sample_000076,0.96252197,0.97365403,0.94582387,20,0.97647560;0.97285414;0.97163236,/media/datasets/yumi/hjh/datasets/agibot_v2_uncleaned_dino/sample_000076_dinov2_base_adjacent_similarity.csv
327,9.0,1262,sample_000037,0.96248644,0.99401134,0.91519907,20,0.99574864;0.99381346;0.99247193,/media/datasets/yumi/hjh/datasets/agibot_v2_uncleaned_dino/sample_000037_dinov2_base_adjacent_similarity.csv
327,9.0,1269,sample_000036,0.96243432,0.99592380,0.91220009,20,0.99725896;0.99600279;0.99450964,/media/datasets/yumi/hjh/datasets/agibot_v2_uncleaned_dino/sample_000036_dinov2_base_adjacent_similarity.csv
327,9.0,1294,sample_000131,0.96223641,0.97428769,0.94415950,20,0.98183370;0.97209835;0.96893102,/media/datasets/yumi/hjh/datasets/agibot_v2_uncleaned_dino/sample_000131_dinov2_base_adjacent_similarity.csv
327,9.0,1304,sample_000040,0.96220978,0.99574856,0.91190162,20,0.99616843;0.99561769;0.99545956,/media/datasets/yumi/hjh/datasets/agibot_v2_uncleaned_dino/sample_000040_dinov2_base_adjacent_similarity.csv
327,9.0,1333,sample_000140,0.96201266,0.97200751,0.94702038,20,0.97371721;0.97273171;0.96957362,/media/datasets/yumi/hjh/datasets/agibot_v2_uncleaned_dino/sample_000140_dinov2_base_adjacent_similarity.csv
327,9.0,1348,sample_000048,0.96192916,0.99389080,0.91398669,20,0.99575466;0.99308699;0.99283075,/media/datasets/yumi/hjh/datasets/agibot_v2_uncleaned_dino/sample_000048_dinov2_base_adjacent_similarity.csv
327,9.0,1369,sample_000008,0.96180836,0.99113566,0.91781740,20,0.99598289;0.98915583;0.98826826,/media/datasets/yumi/hjh/datasets/agibot_v2_uncleaned_dino/sample_000008_dinov2_base_adjacent_similarity.csv
327,9.0,1383,sample_000117,0.96172439,0.97900242,0.93580736,20,0.98227924;0.97872019;0.97600782,/media/datasets/yumi/hjh/datasets/agibot_v2_uncleaned_dino/sample_000117_dinov2_base_adjacent_similarity.csv
327,9.0,1431,sample_000004,0.96140955,0.98421717,0.92719813,20,0.98823178;0.98412591;0.98029381,/media/datasets/yumi/hjh/datasets/agibot_v2_uncleaned_dino/sample_000004_dinov2_base_adjacent_similarity.csv
327,9.0,1437,sample_000038,0.96135225,0.99516761,0.91062920,20,0.99655098;0.99560785;0.99334401,/media/datasets/yumi/hjh/datasets/agibot_v2_uncleaned_dino/sample_000038_dinov2_base_adjacent_similarity.csv
327,9.0,1516,sample_000152,0.96092041,0.98247268,0.92859201,20,0.98743546;0.98291081;0.97707176,/media/datasets/yumi/hjh/datasets/agibot_v2_uncleaned_dino/sample_000152_dinov2_base_adjacent_similarity.csv
327,9.0,1528,sample_000130,0.96085584,0.97644355,0.93747429,20,0.97712886;0.97711074;0.97509104,/media/datasets/yumi/hjh/datasets/agibot_v2_uncleaned_dino/sample_000130_dinov2_base_adjacent_similarity.csv
327,9.0,1540,sample_000115,0.96078583,0.97737916,0.93589582,20,0.98954111;0.97466284;0.96793354,/media/datasets/yumi/hjh/datasets/agibot_v2_uncleaned_dino/sample_000115_dinov2_base_adjacent_similarity.csv
327,9.0,1569,sample_000049,0.96055974,0.99450159,0.90964695,20,0.99651754;0.99376965;0.99321759,/media/datasets/yumi/hjh/datasets/agibot_v2_uncleaned_dino/sample_000049_dinov2_base_adjacent_similarity.csv
327,9.0,1630,sample_000123,0.96017829,0.96907465,0.94683376,20,0.97620857;0.96724004;0.96377534,/media/datasets/yumi/hjh/datasets/agibot_v2_uncleaned_dino/sample_000123_dinov2_base_adjacent_similarity.csv
327,9.0,1689,sample_000034,0.95983599,0.99254000,0.91077997,20,0.99450809;0.99299973;0.99011219,/media/datasets/yumi/hjh/datasets/agibot_v2_uncleaned_dino/sample_000034_dinov2_base_adjacent_similarity.csv
327,9.0,1693,sample_000133,0.95980754,0.97285803,0.94023180,20,0.97940624;0.96959710;0.96957076,/media/datasets/yumi/hjh/datasets/agibot_v2_uncleaned_dino/sample_000133_dinov2_base_adjacent_similarity.csv
327,9.0,1716,sample_000148,0.95964488,0.97869378,0.93107154,20,0.98155957;0.97818720;0.97633457,/media/datasets/yumi/hjh/datasets/agibot_v2_uncleaned_dino/sample_000148_dinov2_base_adjacent_similarity.csv
327,9.0,1720,sample_000147,0.95962125,0.98092381,0.92766741,20,0.98694766;0.97928917;0.97653461,/media/datasets/yumi/hjh/datasets/agibot_v2_uncleaned_dino/sample_000147_dinov2_base_adjacent_similarity.csv
327,9.0,1780,sample_000009,0.95922259,0.99047856,0.91233864,20,0.99375701;0.99025166;0.98742700,/media/datasets/yumi/hjh/datasets/agibot_v2_uncleaned_dino/sample_000009_dinov2_base_adjacent_similarity.csv
327,9.0,1809,sample_000067,0.95898871,0.96726692,0.94657141,20,0.97459507;0.96389663;0.96330905,/media/datasets/yumi/hjh/datasets/agibot_v2_uncleaned_dino/sample_000067_dinov2_base_adjacent_similarity.csv
327,9.0,1923,sample_000116,0.95823100,0.97544980,0.93240280,20,0.97746980;0.97530240;0.97357720,/media/datasets/yumi/hjh/datasets/agibot_v2_uncleaned_dino/sample_000116_dinov2_base_adjacent_similarity.csv
327,9.0,1934,sample_000128,0.95820547,0.97158108,0.93814206,20,0.97628897;0.97089148;0.96756279,/media/datasets/yumi/hjh/datasets/agibot_v2_uncleaned_dino/sample_000128_dinov2_base_adjacent_similarity.csv
327,9.0,1941,sample_000113,0.95817020,0.97389476,0.93458335,20,0.98321033;0.97066295;0.96781099,/media/datasets/yumi/hjh/datasets/agibot_v2_uncleaned_dino/sample_000113_dinov2_base_adjacent_similarity.csv
327,9.0,1953,sample_000077,0.95809513,0.96944285,0.94107354,20,0.97381008;0.96854973;0.96596873,/media/datasets/yumi/hjh/datasets/agibot_v2_uncleaned_dino/sample_000077_dinov2_base_adjacent_similarity.csv
327,9.0,2017,sample_000138,0.95778932,0.97269370,0.93543275,20,0.97653204;0.97347474;0.96807432,/media/datasets/yumi/hjh/datasets/agibot_v2_uncleaned_dino/sample_000138_dinov2_base_adjacent_similarity.csv
327,9.0,2021,sample_000151,0.95778013,0.97491594,0.93207641,20,0.97925925;0.97292978;0.97255880,/media/datasets/yumi/hjh/datasets/agibot_v2_uncleaned_dino/sample_000151_dinov2_base_adjacent_similarity.csv
327,9.0,2025,sample_000134,0.95775110,0.97242590,0.93573891,20,0.98266947;0.97168100;0.96292722,/media/datasets/yumi/hjh/datasets/agibot_v2_uncleaned_dino/sample_000134_dinov2_base_adjacent_similarity.csv
327,9.0,2056,sample_000157,0.95759825,0.97354859,0.93367274,20,0.97490281;0.97291714;0.97282583,/media/datasets/yumi/hjh/datasets/agibot_v2_uncleaned_dino/sample_000157_dinov2_base_adjacent_similarity.csv
327,9.0,2165,sample_000139,0.95709695,0.97264941,0.93376825,20,0.97443455;0.97252303;0.97099066,/media/datasets/yumi/hjh/datasets/agibot_v2_uncleaned_dino/sample_000139_dinov2_base_adjacent_similarity.csv
327,9.0,2190,sample_000125,0.95697831,0.97795449,0.92551405,20,0.98708689;0.97606367;0.97071290,/media/datasets/yumi/hjh/datasets/agibot_v2_uncleaned_dino/sample_000125_dinov2_base_adjacent_similarity.csv
327,9.0,2196,sample_000057,0.95695256,0.99453501,0.90057888,20,0.99692512;0.99506974;0.99161017,/media/datasets/yumi/hjh/datasets/agibot_v2_uncleaned_dino/sample_000057_dinov2_base_adjacent_similarity.csv
327,9.0,2209,sample_000144,0.95688680,0.97651128,0.92745008,20,0.98189467;0.97383887;0.97380030,/media/datasets/yumi/hjh/datasets/agibot_v2_uncleaned_dino/sample_000144_dinov2_base_adjacent_similarity.csv
327,9.0,2216,sample_000135,0.95684600,0.97556712,0.92876431,20,0.97952467;0.97571778;0.97145891,/media/datasets/yumi/hjh/datasets/agibot_v2_uncleaned_dino/sample_000135_dinov2_base_adjacent_similarity.csv
327,9.0,2219,sample_000071,0.95683200,0.97268258,0.93305613,20,0.98059273;0.97219855;0.96525645,/media/datasets/yumi/hjh/datasets/agibot_v2_uncleaned_dino/sample_000071_dinov2_base_adjacent_similarity.csv
327,9.0,2301,sample_000156,0.95644752,0.97382375,0.93038318,20,0.97892416;0.97616506;0.96638203,/media/datasets/yumi/hjh/datasets/agibot_v2_uncleaned_dino/sample_000156_dinov2_base_adjacent_similarity.csv
327,9.0,2307,sample_000143,0.95642726,0.97097272,0.93460908,20,0.97397387;0.97078109;0.96816319,/media/datasets/yumi/hjh/datasets/agibot_v2_uncleaned_dino/sample_000143_dinov2_base_adjacent_similarity.csv
327,9.0,2329,sample_000052,0.95630529,0.99725826,0.89487584,20,0.99815094;0.99700129;0.99662256,/media/datasets/yumi/hjh/datasets/agibot_v2_uncleaned_dino/sample_000052_dinov2_base_adjacent_similarity.csv
327,9.0,2377,sample_000118,0.95602151,0.97166586,0.93255499,20,0.97363770;0.97354746;0.96781242,/media/datasets/yumi/hjh/datasets/agibot_v2_uncleaned_dino/sample_000118_dinov2_base_adjacent_similarity.csv
327,9.0,2381,sample_000154,0.95599631,0.97347097,0.92978432,20,0.98453498;0.96880090;0.96707702,/media/datasets/yumi/hjh/datasets/agibot_v2_uncleaned_dino/sample_000154_dinov2_base_adjacent_similarity.csv
327,9.0,2469,sample_000141,0.95555570,0.97114239,0.93217566,20,0.97543353;0.96912324;0.96887040,/media/datasets/yumi/hjh/datasets/agibot_v2_uncleaned_dino/sample_000141_dinov2_base_adjacent_similarity.csv
327,9.0,2515,sample_000047,0.95530731,0.99433851,0.89676050,20,0.99565482;0.99409616;0.99326456,/media/datasets/yumi/hjh/datasets/agibot_v2_uncleaned_dino/sample_000047_dinov2_base_adjacent_similarity.csv
327,9.0,2519,sample_000155,0.95528201,0.97670911,0.92314136,20,0.98836976;0.97264993;0.96910763,/media/datasets/yumi/hjh/datasets/agibot_v2_uncleaned_dino/sample_000155_dinov2_base_adjacent_similarity.csv
327,9.0,2571,sample_000126,0.95497911,0.97091897,0.93106932,20,0.97159696;0.97098416;0.97017580,/media/datasets/yumi/hjh/datasets/agibot_v2_uncleaned_dino/sample_000126_dinov2_base_adjacent_similarity.csv
327,9.0,2700,sample_000124,0.95446641,0.97003124,0.93111917,20,0.97577977;0.96731144;0.96700251,/media/datasets/yumi/hjh/datasets/agibot_v2_uncleaned_dino/sample_000124_dinov2_base_adjacent_similarity.csv
327,9.0,2768,sample_000073,0.95414132,0.96920895,0.93153986,20,0.97537374;0.96827626;0.96397686,/media/datasets/yumi/hjh/datasets/agibot_v2_uncleaned_dino/sample_000073_dinov2_base_adjacent_similarity.csv
327,9.0,2891,sample_000074,0.95351984,0.96580334,0.93509457,20,0.96762848;0.96520531;0.96457624,/media/datasets/yumi/hjh/datasets/agibot_v2_uncleaned_dino/sample_000074_dinov2_base_adjacent_similarity.csv
327,9.0,3020,sample_000053,0.95285474,0.99532147,0.88915465,20,0.99702173;0.99458593;0.99435675,/media/datasets/yumi/hjh/datasets/agibot_v2_uncleaned_dino/sample_000053_dinov2_base_adjacent_similarity.csv
327,9.0,3247,sample_000120,0.95175147,0.96923471,0.92552660,20,0.97713596;0.96583253;0.96473563,/media/datasets/yumi/hjh/datasets/agibot_v2_uncleaned_dino/sample_000120_dinov2_base_adjacent_similarity.csv
327,9.0,3341,sample_000051,0.95132298,0.99400788,0.88729563,20,0.99701184;0.99302220;0.99198961,/media/datasets/yumi/hjh/datasets/agibot_v2_uncleaned_dino/sample_000051_dinov2_base_adjacent_similarity.csv
327,9.0,3377,sample_000050,0.95112160,0.99250740,0.88904291,20,0.99345130;0.99264687;0.99142402,/media/datasets/yumi/hjh/datasets/agibot_v2_uncleaned_dino/sample_000050_dinov2_base_adjacent_similarity.csv
327,9.0,3391,sample_000114,0.95107612,0.97353377,0.91738965,20,0.97681284;0.97470033;0.96908814,/media/datasets/yumi/hjh/datasets/agibot_v2_uncleaned_dino/sample_000114_dinov2_base_adjacent_similarity.csv
327,9.0,3396,sample_000055,0.95105338,0.99571932,0.88405448,20,0.99789602;0.99468333;0.99457860,/media/datasets/yumi/hjh/datasets/agibot_v2_uncleaned_dino/sample_000055_dinov2_base_adjacent_similarity.csv
327,9.0,3443,sample_000078,0.95086446,0.96247081,0.93345495,20,0.96666932;0.96176505;0.95897806,/media/datasets/yumi/hjh/datasets/agibot_v2_uncleaned_dino/sample_000078_dinov2_base_adjacent_similarity.csv
327,9.0,3457,sample_000041,0.95080226,0.99264409,0.88803950,20,0.99370253;0.99279171;0.99143803,/media/datasets/yumi/hjh/datasets/agibot_v2_uncleaned_dino/sample_000041_dinov2_base_adjacent_similarity.csv
327,9.0,3498,sample_000202,0.95060421,0.98016203,0.90626748,20,0.98338318;0.98318875;0.97391415,/media/datasets/yumi/hjh/datasets/agibot_v2_uncleaned_dino/sample_000202_dinov2_base_adjacent_similarity.csv
327,9.0,3501,sample_000054,0.95057995,0.99484772,0.88417830,20,0.99627978;0.99426794;0.99399543,/media/datasets/yumi/hjh/datasets/agibot_v2_uncleaned_dino/sample_000054_dinov2_base_adjacent_similarity.csv
327,9.0,3653,sample_000192,0.94983319,0.97732814,0.90859075,20,0.98001373;0.97720230;0.97476840,/media/datasets/yumi/hjh/datasets/agibot_v2_uncleaned_dino/sample_000192_dinov2_base_adjacent_similarity.csv
327,9.0,3952,sample_000195,0.94842415,0.97776572,0.90441180,20,0.98293614;0.97880346;0.97155756,/media/datasets/yumi/hjh/datasets/agibot_v2_uncleaned_dino/sample_000195_dinov2_base_adjacent_similarity.csv
327,9.0,4040,sample_000206,0.94798200,0.97112056,0.91327416,20,0.97727644;0.97243947;0.96364576,/media/datasets/yumi/hjh/datasets/agibot_v2_uncleaned_dino/sample_000206_dinov2_base_adjacent_similarity.csv
327,9.0,4041,sample_000188,0.94798178,0.97684519,0.90468668,20,0.98379266;0.98317099;0.96357191,/media/datasets/yumi/hjh/datasets/agibot_v2_uncleaned_dino/sample_000188_dinov2_base_adjacent_similarity.csv
327,9.0,4069,sample_000204,0.94786534,0.97283445,0.91041168,20,0.98149174;0.97548378;0.96152782,/media/datasets/yumi/hjh/datasets/agibot_v2_uncleaned_dino/sample_000204_dinov2_base_adjacent_similarity.csv
327,9.0,4183,sample_000033,0.94724193,0.99500911,0.87559118,20,0.99651772;0.99529785;0.99321175,/media/datasets/yumi/hjh/datasets/agibot_v2_uncleaned_dino/sample_000033_dinov2_base_adjacent_similarity.csv
327,9.0,4265,sample_000189,0.94682284,0.97087511,0.91074445,20,0.97444761;0.97290230;0.96527541,/media/datasets/yumi/hjh/datasets/agibot_v2_uncleaned_dino/sample_000189_dinov2_base_adjacent_similarity.csv
327,9.0,4702,sample_000032,0.94464827,0.99171237,0.87405211,20,0.99638611;0.99134862;0.98740238,/media/datasets/yumi/hjh/datasets/agibot_v2_uncleaned_dino/sample_000032_dinov2_base_adjacent_similarity.csv
327,9.0,4897,sample_000196,0.94365928,0.96803510,0.90709555,20,0.97917855;0.97213972;0.95278704,/media/datasets/yumi/hjh/datasets/agibot_v2_uncleaned_dino/sample_000196_dinov2_base_adjacent_similarity.csv
327,9.0,5057,sample_000198,0.94279840,0.96820315,0.90469128,20,0.97509080;0.96901828;0.96050036,/media/datasets/yumi/hjh/datasets/agibot_v2_uncleaned_dino/sample_000198_dinov2_base_adjacent_similarity.csv
327,9.0,5257,sample_000190,0.94161356,0.97203938,0.89597483,20,0.97393215;0.97227877;0.96990722,/media/datasets/yumi/hjh/datasets/agibot_v2_uncleaned_dino/sample_000190_dinov2_base_adjacent_similarity.csv
327,9.0,5378,sample_000194,0.94092087,0.96904288,0.89873787,20,0.97597599;0.96866375;0.96248889,/media/datasets/yumi/hjh/datasets/agibot_v2_uncleaned_dino/sample_000194_dinov2_base_adjacent_similarity.csv
327,9.0,5393,sample_000203,0.94087326,0.96198251,0.90920938,20,0.96602750;0.96156061;0.95835942,/media/datasets/yumi/hjh/datasets/agibot_v2_uncleaned_dino/sample_000203_dinov2_base_adjacent_similarity.csv
327,9.0,5401,sample_000193,0.94083602,0.96509622,0.90444573,20,0.96636093;0.96502197;0.96390575,/media/datasets/yumi/hjh/datasets/agibot_v2_uncleaned_dino/sample_000193_dinov2_base_adjacent_similarity.csv
327,9.0,5525,sample_000200,0.94017171,0.96647809,0.90071213,20,0.97675079;0.96986097;0.95282251,/media/datasets/yumi/hjh/datasets/agibot_v2_uncleaned_dino/sample_000200_dinov2_base_adjacent_similarity.csv
327,9.0,5542,sample_000197,0.94008274,0.96535619,0.90217255,20,0.97536504;0.96582413;0.95487940,/media/datasets/yumi/hjh/datasets/agibot_v2_uncleaned_dino/sample_000197_dinov2_base_adjacent_similarity.csv
327,9.0,5718,sample_000205,0.93901968,0.96489451,0.90020743,20,0.97181344;0.96334213;0.95952797,/media/datasets/yumi/hjh/datasets/agibot_v2_uncleaned_dino/sample_000205_dinov2_base_adjacent_similarity.csv
327,9.0,5767,sample_000201,0.93877123,0.96239680,0.90333288,20,0.96793318;0.96745789;0.95179933,/media/datasets/yumi/hjh/datasets/agibot_v2_uncleaned_dino/sample_000201_dinov2_base_adjacent_similarity.csv
327,9.0,5940,sample_000191,0.93763953,0.96121532,0.90227586,20,0.97701335;0.95790583;0.94872677,/media/datasets/yumi/hjh/datasets/agibot_v2_uncleaned_dino/sample_000191_dinov2_base_adjacent_similarity.csv
327,9.0,6278,sample_000199,0.93539017,0.96261064,0.89455945,20,0.97644961;0.95612657;0.95525575,/media/datasets/yumi/hjh/datasets/agibot_v2_uncleaned_dino/sample_000199_dinov2_base_adjacent_similarity.csv
